area,number_of_rooms,price,price_per_meter,url
350,8,1 740 000 ,4971 ,https://ogloszenia.trojmiasto.pl/nieruchomosci-rynek-wtorny/duzy-dom-z-ogrodem-w-redlowie-ogl64943149.html
350,8,1 740 000 ,4971 ,https://ogloszenia.trojmiasto.pl/nieruchomosci-rynek-wtorny/duzy-dom-z-ogrodem-w-redlowie-ogl64943149.html
350,8,1 740 000 ,4971 ,https://ogloszenia.trojmiasto.pl/nieruchomosci-rynek-wtorny/duzy-dom-z-ogrodem-w-redlowie-ogl64943149.html
350,8,1 740 000 ,4971 ,https://ogloszenia.trojmiasto.pl/nieruchomosci-rynek-wtorny/duzy-dom-z-ogrodem-w-redlowie-ogl64943149.html
350,8,1 740 000 ,4971 ,https://ogloszenia.trojmiasto.pl/nieruchomosci-rynek-wtorny/duzy-dom-z-ogrodem-w-redlowie-ogl64943149.html
350,8,1 740 000 ,4971 ,https://ogloszenia.trojmiasto.pl/nieruchomosci-rynek-wtorny/duzy-dom-z-ogrodem-w-redlowie-ogl64943149.html
350,8,1 740 000 ,4971 ,https://ogloszenia.trojmiasto.pl/nieruchomosci-rynek-wtorny/duzy-dom-z-ogrodem-w-redlowie-ogl64943149.html
350,8,1 740 000 ,4971 ,https://ogloszenia.trojmiasto.pl/nieruchomosci-rynek-wtorny/duzy-dom-z-ogrodem-w-redlowie-ogl64943149.html
350,8,1 740 000 ,4971 ,https://ogloszenia.trojmiasto.pl/nieruchomosci-rynek-wtorny/duzy-dom-z-ogrodem-w-redlowie-ogl64943149.html
350,8,1 740 000 ,4971 ,https://ogloszenia.trojmiasto.pl/nieruchomosci-rynek-wtorny/duzy-dom-z-ogrodem-w-redlowie-ogl64943149.html
350,8,1 740 000 ,4971 ,https://ogloszenia.trojmiasto.pl/nieruchomosci-rynek-wtorny/duzy-dom-z-ogrodem-w-redlowie-ogl64943149.html
350,8,1 740 000 ,4971 ,https://ogloszenia.trojmiasto.pl/nieruchomosci-rynek-wtorny/duzy-dom-z-ogrodem-w-redlowie-ogl64943149.html
350,8,1 740 000 ,4971 ,https://ogloszenia.trojmiasto.pl/nieruchomosci-rynek-wtorny/duzy-dom-z-ogrodem-w-redlowie-ogl64943149.html
350,8,1 740 000 ,4971 ,https://ogloszenia.trojmiasto.pl/nieruchomosci-rynek-wtorny/duzy-dom-z-ogrodem-w-redlowie-ogl64943149.html
350,8,1 740 000 ,4971 ,https://ogloszenia.trojmiasto.pl/nieruchomosci-rynek-wtorny/duzy-dom-z-ogrodem-w-redlowie-ogl64943149.html
350,8,1 740 000 ,4971 ,https://ogloszenia.trojmiasto.pl/nieruchomosci-rynek-wtorny/duzy-dom-z-ogrodem-w-redlowie-ogl64943149.html
350,8,1 740 000 ,4971 ,https://ogloszenia.trojmiasto.pl/nieruchomosci-rynek-wtorny/duzy-dom-z-ogrodem-w-redlowie-ogl64943149.html
350,8,1 740 000 ,4971 ,https://ogloszenia.trojmiasto.pl/nieruchomosci-rynek-wtorny/duzy-dom-z-ogrodem-w-redlowie-ogl64943149.html
350,8,1 740 000 ,4971 ,https://ogloszenia.trojmiasto.pl/nieruchomosci-rynek-wtorny/duzy-dom-z-ogrodem-w-redlowie-ogl64943149.html
350,8,1 740 000 ,4971 ,https://ogloszenia.trojmiasto.pl/nieruchomosci-rynek-wtorny/duzy-dom-z-ogrodem-w-redlowie-ogl64943149.html
350,8,1 740 000 ,4971 ,https://ogloszenia.trojmiasto.pl/nieruchomosci-rynek-wtorny/duzy-dom-z-ogrodem-w-redlowie-ogl64943149.html
350,8,1 740 000 ,4971 ,https://ogloszenia.trojmiasto.pl/nieruchomosci-rynek-wtorny/duzy-dom-z-ogrodem-w-redlowie-ogl64943149.html
350,8,1 740 000 ,4971 ,https://ogloszenia.trojmiasto.pl/nieruchomosci-rynek-wtorny/duzy-dom-z-ogrodem-w-redlowie-ogl64943149.html
350,8,1 740 000 ,4971 ,https://ogloszenia.trojmiasto.pl/nieruchomosci-rynek-wtorny/duzy-dom-z-ogrodem-w-redlowie-ogl64943149.html
350,8,1 740 000 ,4971 ,https://ogloszenia.trojmiasto.pl/nieruchomosci-rynek-wtorny/duzy-dom-z-ogrodem-w-redlowie-ogl64943149.html
350,8,1 740 000 ,4971 ,https://ogloszenia.trojmiasto.pl/nieruchomosci-rynek-wtorny/duzy-dom-z-ogrodem-w-redlowie-ogl64943149.html
350,8,1 740 000 ,4971 ,https://ogloszenia.trojmiasto.pl/nieruchomosci-rynek-wtorny/duzy-dom-z-ogrodem-w-redlowie-ogl64943149.html
350,8,1 740 000 ,4971 ,https://ogloszenia.trojmiasto.pl/nieruchomosci-rynek-wtorny/duzy-dom-z-ogrodem-w-redlowie-ogl64943149.html
350,8,1 740 000 ,4971 ,https://ogloszenia.trojmiasto.pl/nieruchomosci-rynek-wtorny/duzy-dom-z-ogrodem-w-redlowie-ogl64943149.html
350,8,1 740 000 ,4971 ,https://ogloszenia.trojmiasto.pl/nieruchomosci-rynek-wtorny/duzy-dom-z-ogrodem-w-redlowie-ogl64943149.html
area,number_of_rooms,price,price_per_meter,url
350,8,1 740 000 ,4971 ,https://ogloszenia.trojmiasto.pl/nieruchomosci-rynek-wtorny/duzy-dom-z-ogrodem-w-redlowie-ogl64943149.html
350,8,1 740 000 ,4971 ,https://ogloszenia.trojmiasto.pl/nieruchomosci-rynek-wtorny/duzy-dom-z-ogrodem-w-redlowie-ogl64943149.html
350,8,1 740 000 ,4971 ,https://ogloszenia.trojmiasto.pl/nieruchomosci-rynek-wtorny/duzy-dom-z-ogrodem-w-redlowie-ogl64943149.html
350,8,1 740 000 ,4971 ,https://ogloszenia.trojmiasto.pl/nieruchomosci-rynek-wtorny/duzy-dom-z-ogrodem-w-redlowie-ogl64943149.html
350,8,1 740 000 ,4971 ,https://ogloszenia.trojmiasto.pl/nieruchomosci-rynek-wtorny/duzy-dom-z-ogrodem-w-redlowie-ogl64943149.html
350,8,1 740 000 ,4971 ,https://ogloszenia.trojmiasto.pl/nieruchomosci-rynek-wtorny/duzy-dom-z-ogrodem-w-redlowie-ogl64943149.html
350,8,1 740 000 ,4971 ,https://ogloszenia.trojmiasto.pl/nieruchomosci-rynek-wtorny/duzy-dom-z-ogrodem-w-redlowie-ogl64943149.html
350,8,1 740 000 ,4971 ,https://ogloszenia.trojmiasto.pl/nieruchomosci-rynek-wtorny/duzy-dom-z-ogrodem-w-redlowie-ogl64943149.html
350,8,1 740 000 ,4971 ,https://ogloszenia.trojmiasto.pl/nieruchomosci-rynek-wtorny/duzy-dom-z-ogrodem-w-redlowie-ogl64943149.html
350,8,1 740 000 ,4971 ,https://ogloszenia.trojmiasto.pl/nieruchomosci-rynek-wtorny/duzy-dom-z-ogrodem-w-redlowie-ogl64943149.html
350,8,1 740 000 ,4971 ,https://ogloszenia.trojmiasto.pl/nieruchomosci-rynek-wtorny/duzy-dom-z-ogrodem-w-redlowie-ogl64943149.html
350,8,1 740 000 ,4971 ,https://ogloszenia.trojmiasto.pl/nieruchomosci-rynek-wtorny/duzy-dom-z-ogrodem-w-redlowie-ogl64943149.html
350,8,1 740 000 ,4971 ,https://ogloszenia.trojmiasto.pl/nieruchomosci-rynek-wtorny/duzy-dom-z-ogrodem-w-redlowie-ogl64943149.html
350,8,1 740 000 ,4971 ,https://ogloszenia.trojmiasto.pl/nieruchomosci-rynek-wtorny/duzy-dom-z-ogrodem-w-redlowie-ogl64943149.html
350,8,1 740 000 ,4971 ,https://ogloszenia.trojmiasto.pl/nieruchomosci-rynek-wtorny/duzy-dom-z-ogrodem-w-redlowie-ogl64943149.html
350,8,1 740 000 ,4971 ,https://ogloszenia.trojmiasto.pl/nieruchomosci-rynek-wtorny/duzy-dom-z-ogrodem-w-redlowie-ogl64943149.html
350,8,1 740 000 ,4971 ,https://ogloszenia.trojmiasto.pl/nieruchomosci-rynek-wtorny/duzy-dom-z-ogrodem-w-redlowie-ogl64943149.html
350,8,1 740 000 ,4971 ,https://ogloszenia.trojmiasto.pl/nieruchomosci-rynek-wtorny/duzy-dom-z-ogrodem-w-redlowie-ogl64943149.html
350,8,1 740 000 ,4971 ,https://ogloszenia.trojmiasto.pl/nieruchomosci-rynek-wtorny/duzy-dom-z-ogrodem-w-redlowie-ogl64943149.html
350,8,1 740 000 ,4971 ,https://ogloszenia.trojmiasto.pl/nieruchomosci-rynek-wtorny/duzy-dom-z-ogrodem-w-redlowie-ogl64943149.html
350,8,1 740 000 ,4971 ,https://ogloszenia.trojmiasto.pl/nieruchomosci-rynek-wtorny/duzy-dom-z-ogrodem-w-redlowie-ogl64943149.html
350,8,1 740 000 ,4971 ,https://ogloszenia.trojmiasto.pl/nieruchomosci-rynek-wtorny/duzy-dom-z-ogrodem-w-redlowie-ogl64943149.html
350,8,1 740 000 ,4971 ,https://ogloszenia.trojmiasto.pl/nieruchomosci-rynek-wtorny/duzy-dom-z-ogrodem-w-redlowie-ogl64943149.html
350,8,1 740 000 ,4971 ,https://ogloszenia.trojmiasto.pl/nieruchomosci-rynek-wtorny/duzy-dom-z-ogrodem-w-redlowie-ogl64943149.html
350,8,1 740 000 ,4971 ,https://ogloszenia.trojmiasto.pl/nieruchomosci-rynek-wtorny/duzy-dom-z-ogrodem-w-redlowie-ogl64943149.html
350,8,1 740 000 ,4971 ,https://ogloszenia.trojmiasto.pl/nieruchomosci-rynek-wtorny/duzy-dom-z-ogrodem-w-redlowie-ogl64943149.html
350,8,1 740 000 ,4971 ,https://ogloszenia.trojmiasto.pl/nieruchomosci-rynek-wtorny/duzy-dom-z-ogrodem-w-redlowie-ogl64943149.html
350,8,1 740 000 ,4971 ,https://ogloszenia.trojmiasto.pl/nieruchomosci-rynek-wtorny/duzy-dom-z-ogrodem-w-redlowie-ogl64943149.html
350,8,1 740 000 ,4971 ,https://ogloszenia.trojmiasto.pl/nieruchomosci-rynek-wtorny/duzy-dom-z-ogrodem-w-redlowie-ogl64943149.html
350,8,1 740 000 ,4971 ,https://ogloszenia.trojmiasto.pl/nieruchomosci-rynek-wtorny/duzy-dom-z-ogrodem-w-redlowie-ogl64943149.html
area,number_of_rooms,price,price_per_meter,url
350,8,1 740 000 ,4971 ,https://ogloszenia.trojmiasto.pl/nieruchomosci-rynek-wtorny/duzy-dom-z-ogrodem-w-redlowie-ogl64943149.html
350,8,1 740 000 ,4971 ,https://ogloszenia.trojmiasto.pl/nieruchomosci-rynek-wtorny/duzy-dom-z-ogrodem-w-redlowie-ogl64943149.html
350,8,1 740 000 ,4971 ,https://ogloszenia.trojmiasto.pl/nieruchomosci-rynek-wtorny/duzy-dom-z-ogrodem-w-redlowie-ogl64943149.html
350,8,1 740 000 ,4971 ,https://ogloszenia.trojmiasto.pl/nieruchomosci-rynek-wtorny/duzy-dom-z-ogrodem-w-redlowie-ogl64943149.html
350,8,1 740 000 ,4971 ,https://ogloszenia.trojmiasto.pl/nieruchomosci-rynek-wtorny/duzy-dom-z-ogrodem-w-redlowie-ogl64943149.html
350,8,1 740 000 ,4971 ,https://ogloszenia.trojmiasto.pl/nieruchomosci-rynek-wtorny/duzy-dom-z-ogrodem-w-redlowie-ogl64943149.html
350,8,1 740 000 ,4971 ,https://ogloszenia.trojmiasto.pl/nieruchomosci-rynek-wtorny/duzy-dom-z-ogrodem-w-redlowie-ogl64943149.html
350,8,1 740 000 ,4971 ,https://ogloszenia.trojmiasto.pl/nieruchomosci-rynek-wtorny/duzy-dom-z-ogrodem-w-redlowie-ogl64943149.html
350,8,1 740 000 ,4971 ,https://ogloszenia.trojmiasto.pl/nieruchomosci-rynek-wtorny/duzy-dom-z-ogrodem-w-redlowie-ogl64943149.html
350,8,1 740 000 ,4971 ,https://ogloszenia.trojmiasto.pl/nieruchomosci-rynek-wtorny/duzy-dom-z-ogrodem-w-redlowie-ogl64943149.html
350,8,1 740 000 ,4971 ,https://ogloszenia.trojmiasto.pl/nieruchomosci-rynek-wtorny/duzy-dom-z-ogrodem-w-redlowie-ogl64943149.html
350,8,1 740 000 ,4971 ,https://ogloszenia.trojmiasto.pl/nieruchomosci-rynek-wtorny/duzy-dom-z-ogrodem-w-redlowie-ogl64943149.html
350,8,1 740 000 ,4971 ,https://ogloszenia.trojmiasto.pl/nieruchomosci-rynek-wtorny/duzy-dom-z-ogrodem-w-redlowie-ogl64943149.html
350,8,1 740 000 ,4971 ,https://ogloszenia.trojmiasto.pl/nieruchomosci-rynek-wtorny/duzy-dom-z-ogrodem-w-redlowie-ogl64943149.html
350,8,1 740 000 ,4971 ,https://ogloszenia.trojmiasto.pl/nieruchomosci-rynek-wtorny/duzy-dom-z-ogrodem-w-redlowie-ogl64943149.html
350,8,1 740 000 ,4971 ,https://ogloszenia.trojmiasto.pl/nieruchomosci-rynek-wtorny/duzy-dom-z-ogrodem-w-redlowie-ogl64943149.html
350,8,1 740 000 ,4971 ,https://ogloszenia.trojmiasto.pl/nieruchomosci-rynek-wtorny/duzy-dom-z-ogrodem-w-redlowie-ogl64943149.html
350,8,1 740 000 ,4971 ,https://ogloszenia.trojmiasto.pl/nieruchomosci-rynek-wtorny/duzy-dom-z-ogrodem-w-redlowie-ogl64943149.html
350,8,1 740 000 ,4971 ,https://ogloszenia.trojmiasto.pl/nieruchomosci-rynek-wtorny/duzy-dom-z-ogrodem-w-redlowie-ogl64943149.html
350,8,1 740 000 ,4971 ,https://ogloszenia.trojmiasto.pl/nieruchomosci-rynek-wtorny/duzy-dom-z-ogrodem-w-redlowie-ogl64943149.html
350,8,1 740 000 ,4971 ,https://ogloszenia.trojmiasto.pl/nieruchomosci-rynek-wtorny/duzy-dom-z-ogrodem-w-redlowie-ogl64943149.html
350,8,1 740 000 ,4971 ,https://ogloszenia.trojmiasto.pl/nieruchomosci-rynek-wtorny/duzy-dom-z-ogrodem-w-redlowie-ogl64943149.html
350,8,1 740 000 ,4971 ,https://ogloszenia.trojmiasto.pl/nieruchomosci-rynek-wtorny/duzy-dom-z-ogrodem-w-redlowie-ogl64943149.html
350,8,1 740 000 ,4971 ,https://ogloszenia.trojmiasto.pl/nieruchomosci-rynek-wtorny/duzy-dom-z-ogrodem-w-redlowie-ogl64943149.html
350,8,1 740 000 ,4971 ,https://ogloszenia.trojmiasto.pl/nieruchomosci-rynek-wtorny/duzy-dom-z-ogrodem-w-redlowie-ogl64943149.html
350,8,1 740 000 ,4971 ,https://ogloszenia.trojmiasto.pl/nieruchomosci-rynek-wtorny/duzy-dom-z-ogrodem-w-redlowie-ogl64943149.html
350,8,1 740 000 ,4971 ,https://ogloszenia.trojmiasto.pl/nieruchomosci-rynek-wtorny/duzy-dom-z-ogrodem-w-redlowie-ogl64943149.html
350,8,1 740 000 ,4971 ,https://ogloszenia.trojmiasto.pl/nieruchomosci-rynek-wtorny/duzy-dom-z-ogrodem-w-redlowie-ogl64943149.html
350,8,1 740 000 ,4971 ,https://ogloszenia.trojmiasto.pl/nieruchomosci-rynek-wtorny/duzy-dom-z-ogrodem-w-redlowie-ogl64943149.html
350,8,1 740 000 ,4971 ,https://ogloszenia.trojmiasto.pl/nieruchomosci-rynek-wtorny/duzy-dom-z-ogrodem-w-redlowie-ogl64943149.html
